Logistic Regression,Random Forest,Gradient Boosting,Actual,Optimized_Blend
0.06652385077178691,0.07832289905210789,0.07983934566400192,0,0.0750864738903904
0.9554135256663302,0.9914767734330368,0.9549529952112948,1,0.9733530434586765
0.6024781172184617,0.5341877846317763,0.32264969316304276,1,0.5123672661140352
0.9438463335605425,0.9962551274350943,0.962739782548039,1,0.9738294202953177
0.0751000079152681,0.08424257987180277,0.12784766388863236,0,0.09022082508820829
0.11866783799902107,0.12654394045307746,0.08695599801945388,0,0.11626352123013584
0.28882537787243995,0.15211035499552614,0.08007026477842422,0,0.17871684381517988
0.3701040094823456,0.16574633995345778,0.18613759950444753,0,0.2311318927223221
0.5896085535742467,0.6801478820266827,0.630792201291221,1,0.6431149473438597
0.928946574826935,0.9616884543658353,0.9643346891796569,1,0.9523951374669295
0.6184660707164482,0.8492551080000936,0.8870574491172359,1,0.7875788650384286
0.8006387370586707,0.5734016072229423,0.4981012307435016,1,0.6265126708777726
0.12186374185032234,0.1826721556990828,0.18658204664294906,0,0.1652116097332279
0.013833068958539745,0.11520135925908892,0.08825228989711502,0,0.0794010582965294
0.6998228184814457,0.8590278796408678,0.8509939930746746,0,0.8096595839798025
0.7828273008721879,0.8337115436470806,0.8521599479028235,1,0.8221359516657614
0.2768936777743254,0.06261323728392651,0.06142102921875046,0,0.12665892781801097
0.1987655323405828,0.09865546010664931,0.10333083997354137,1,0.12962355775020779
0.6588632873340022,0.5888947425088666,0.7667546683148454,0,0.6454572911176031
0.8117060659993952,0.5769686107586633,0.77412023530159,1,0.6868201722394682
0.1926725522808036,0.052416760871086834,0.09416093354009332,0,0.10284233282780317
0.16902355578375125,0.18026234491197216,0.2515123261725852,1,0.19114070442562847
0.7279848467530624,0.5374677542151693,0.6103916294236315,1,0.6092076570182297
0.43224232227285553,0.2863159829018557,0.18722142502675312,1,0.3102749731381351
0.3202098458024754,0.050130372750694874,0.05368147912148993,0,0.13186443594038805
0.1645661620327008,0.22426968183632362,0.04550568647840415,1,0.17060582682365288
0.13318517202531394,0.1357044179333892,0.12045966198927702,0,0.13189969297214418
0.27460085494928954,0.2788783613544676,0.1033732757012253,0,0.2424940923022657
0.7195153602903646,0.8665353293419502,0.826910516576323,1,0.814504376073349
0.08711237175960557,0.06392602646964522,0.0563670994213091,0,0.0693701446469661
0.5890787392379294,0.44361073358938113,0.3857754641223386,0,0.4756840813905371
0.9569036038123797,0.999406967692891,0.9752427578304608,1,0.9818231165562514
0.7124951261819131,0.8528969508472246,0.7657110630402822,1,0.7933392258862427
0.060077311626419244,0.23636245532325253,0.14281233867789261,0,0.16476688888513055
0.45871013159065505,0.3657549788794486,0.35286131377934105,0,0.391062791672789
0.25120001011656606,0.38866604780116487,0.18390443037019955,0,0.30647391300959215
0.11718186648672149,0.07772566353398634,0.061774815026508514,1,0.08637235471831133
0.11802881619435318,0.13803700084929996,0.08595428787783944,0,0.12161800285852381
0.43969543035031616,0.4568643420006202,0.5751816497954856,0,0.4753771300645021
0.6953946180653168,0.6954042628378508,0.7546563384214171,1,0.7072517845228039
0.5861960198892642,0.4620413921599763,0.27922768944408455,0,0.46272503993558434
0.8455079442951645,0.9788958227340474,0.9285475201478326,0,0.9288097986851396
0.13790484170169875,0.25476564867790824,0.17783369895435927,0,0.20432101664033558
0.8380704580836145,0.9351389764436442,0.920684684407484,1,0.9031275625284032
0.7051087764632031,0.8074815070820008,0.8399954960793097,1,0.7832724856958233
0.0942051874569434,0.10319908202837945,0.08029672086883854,0,0.09592044142504044
0.08158604290114319,0.1237215992536489,0.09952633152859273,0,0.10624187880288595
0.6765873794575433,0.8395045205529774,0.7277396629750758,1,0.7682764067087668
0.06040017879201543,0.246919674653932,0.2891241848548313,0,0.1994047279355369
0.7429359195440202,0.1524045000080187,0.5925715153796561,0,0.4175973289431466
0.2534037537640376,0.008938059285459276,0.05956732547791363,0,0.09240362086752366
0.11791915623282385,0.19896881281053572,0.17661047008068262,0,0.17018224729125153
0.9388339334567817,0.998094083987144,0.9794141400698566,1,0.9765800500445778
0.8507993584593311,0.8728342784779867,0.8448044519302182,1,0.8606178371628364
0.1878602314125927,0.19523553755421236,0.23063697257538088,0,0.20010323271596014
0.3489108778503947,0.17948838629781677,0.1043313724566198,1,0.21528373099535075
0.8448912385711933,0.9045156425973538,0.8702204606200966,1,0.8797692849940542
0.13539066515680231,0.22899092540478821,0.15487942635429935,0,0.18608854752029466
0.7954145325902974,0.9725709036519852,0.9186418992053401,1,0.9086381914441498
0.1140441868550136,0.008138592105127908,0.03214335489495486,0,0.044711223088059
0.14640804857081416,0.3290050529654135,0.4020721255908,0,0.288839366172111
0.9159783252758936,0.9886905672871134,0.9529312072627975,1,0.9597250226788843
0.2565693554592415,0.3643563534493934,0.2019703550479628,0,0.2995430543720617
0.2779416671428392,0.08912333654454566,0.0614362636515902,0,0.14023142114544263
0.43490900441941843,0.3658990622843462,0.2177798922287808,0,0.3569782109137548
0.6051843876140109,0.8743693104471078,0.7958731841048736,1,0.7779146083287319
0.8979099540366832,0.9165158000102589,0.9219443077012617,1,0.9120197477563867
0.11185090283451982,0.29066142217932817,0.18757805622692042,0,0.2164015931854041
0.14198071538571339,0.20681944547418019,0.18117729240701833,1,0.18223939583420778
0.03547853406227012,0.05542771604312612,0.04666455625846447,0,0.04769032949193699
0.18584602681896267,0.17381631210911094,0.17119236407503285,0,0.17690043691525084
0.10991323849408219,0.038387401910363377,0.07562406643476285,0,0.06729248579035892
0.2967703504946577,0.30909626856922223,0.1598125170963168,0,0.2755417428522718
0.07344578641404172,0.09699271144297401,0.06972527029177283,0,0.0844751457040541
0.08392574052895804,0.6038184728525091,0.7131520385162813,1,0.46971736628819827
0.09643657869190093,0.1051200389393669,0.138600464001242,0,0.10921108587750214
0.09345841576634363,0.0880095839468346,0.07344460194733504,0,0.08673123709278739
0.08908287842086902,0.04899396050870555,0.055397925995665995,0,0.06230142897974668
0.8256241233100555,0.9358417818960746,0.9426504566684537,1,0.9041382192747447
0.5854027274931303,0.5431985747205134,0.3997801114854554,1,0.5271761279052869
0.11470489915483426,0.09556308545579001,0.05965206733238479,0,0.09412342594082224
0.09147330210030921,0.12455331422379168,0.11671767057162294,1,0.1130621818563132
0.7125275067339162,0.8468690897348004,0.8147637192721299,1,0.8001455407420011
0.48548470481592915,0.3552356061119714,0.17420436736035108,0,0.35810408797283466
0.8445816437073512,0.9236045042930906,0.8884517303599567,1,0.8928670913307419
0.40348493001701946,0.6206738046707861,0.5885806722020921,1,0.5490985157809174
0.039259999241231504,0.07149750731462692,0.05998221995702189,0,0.05952319742108729
0.10039057278596586,0.1424753717781825,0.07542220685351426,0,0.11643929909558386
0.8034471899576328,0.8521144583958221,0.7796850670547921,1,0.8230283995961594
0.09508507409645425,0.05444315717418401,0.05686394755080893,0,0.06711989032619006
0.08739646652304607,0.16789677742378165,0.17697717566014892,0,0.14556276380083444
0.10894834094931219,0.1091552654490982,0.07297364445090612,0,0.10185686389952398
0.23792415247708948,0.46511829860424486,0.48974544193995007,0,0.40188548343323927
0.034110078968858336,0.2445567182391145,0.06752704234640744,0,0.14601679127949627
0.040148618364452764,0.0695107068971788,0.023989651133258384,0,0.0515978691845769
0.10039057278596586,0.09313486664604215,0.07542220685351426,0,0.09176904652951368
0.22447718527484492,0.20555269805867002,0.18272800331143282,0,0.20666510527407506
0.5240214588239183,0.19988190473299583,0.27197318769089884,1,0.3115420275518532
0.8538721542479983,0.9810746751823797,0.958021113413376,1,0.9383032065482646
0.13373100638052524,0.12253468840318613,0.14493871321791665,0,0.13037438875933396
0.588740057860807,0.6445295045176308,0.33237177964047365,0,0.5653611255451523
0.10033188348268766,0.08371520322634503,0.053738484302601634,0,0.08270486351849915
0.4831772847528354,0.31562080030699996,0.3690715224998452,0,0.37657789007931963
0.07919008918855767,0.09325639258888326,0.12073347821058575,0,0.09453191869312608
0.028017714615384774,0.061377222211062454,0.10434507473742893,0,0.05996294043763245
0.0895639676329718,0.11006811790644346,0.07680227592316939,0,0.09726370442774715
0.6580682640337957,0.8207748581883217,0.569980136370791,1,0.7218039355784578
0.10028592768580435,0.11845722256837021,0.10813585439829976,1,0.11094156046958636
0.06952550589239417,0.06958306716312396,0.07600343304552902,0,0.07084987195838603
0.5822319999856028,0.26134371958608643,0.45945421143506027,1,0.3972323020757361
0.31999862531504314,0.49485099693881024,0.2000706289454893,0,0.38343921185301594
0.6500205614656703,0.6849548756186922,0.5906062435091893,0,0.655604854950885
0.10144664505685515,0.0511693730859436,0.05040257067433654,0,0.06609919419489566
0.5281958430579972,0.12570125242566854,0.2721329590560311,0,0.27573597094143965
0.7510465753236547,0.49497541323915634,0.21248660835633343,0,0.5152990008879412
0.11797397517632258,0.4183930992538557,0.1489940484584,0,0.27438755187150465
0.018444767621907353,0.046882047084338865,0.029308195808116094,0,0.03483609299036486
0.14669152793686577,0.19172351235291207,0.10843758157767501,0,0.16155673087305078
0.7035510960473134,0.4222820793442282,0.37373506949103885,0,0.4969533823845159
0.24598374050942579,0.22724695512930312,0.21825087476843777,0,0.23106877467116688
0.13893263023434066,0.1549514108910471,0.0683275014331296,0,0.1328209948024517
0.09350562734623154,0.10622475352244948,0.086364279065391,0,0.0984369207781724
0.19381711916391958,0.31557506160980536,0.33308069213618385,0,0.2825488049813153
0.7858336351944235,0.9519890775461294,0.9208345930452579,1,0.8959115479404434
0.2359522780737481,0.1308753153620978,0.11082748519585343,0,0.158388838142344
0.6314740253011223,0.8465538455950983,0.741784087164115,1,0.7610759478207089
0.12144224444760537,0.14681280415470727,0.10350131271333535,0,0.1305393379543023
0.09815181242277023,0.1526785859181346,0.05028284038009664,1,0.1158414047619177
0.5899304800500519,0.6982039776741142,0.6357492082464541,1,0.6532309745013635
0.044182481952391425,0.22494015142405258,0.07795368154843217,0,0.14131555660743014
0.09257749374904684,0.032946551403424805,0.03959010615415133,0,0.05216454505725672
0.10886524452939014,0.19837958217303348,0.10029201250828106,0,0.15190776694698999
0.5056046754701489,0.29533648517904043,0.4402626753869094,0,0.3874021803079467
0.8386486073893007,0.9406405888815877,0.9019668861155143,1,0.902308253880687
0.23553015049931084,0.07745765390569574,0.07686681081023684,0,0.12476123426468849
0.32774901718219823,0.15403416782009008,0.09996140140745391,0,0.1953340693461953
0.8795350138130974,0.9028836924385351,0.9295905665110018,1,0.9012204636653971
0.308883611057779,0.636893069980066,0.5597941406021395,0,0.5230704464277947
0.1388767670985913,0.1610507400163191,0.07996792783219485,0,0.13818198570417592
0.658279568151766,0.27913460094900594,0.5871509677197967,0,0.4544813644639921
0.6609260665430569,0.5598198074574624,0.3866515453735775,0,0.5555180327663638
0.6331622614968081,0.7947646913271386,0.5391444148034248,1,0.6951599070732967
0.7034445365937015,0.6309469919640219,0.6175330063291261,1,0.6500134582259467
0.14302527265262965,0.20648624248103328,0.04300849596459656,0,0.15475240222922484
0.2644111909738696,0.08159757898347524,0.0907993387025977,0,0.13828201452441802
0.17197877709449905,0.07246131115145789,0.056307893362142494,0,0.09908586737650715
0.09179818768399524,0.18841912843813924,0.15335337977006885,1,0.15241969647828196
0.38256257385743664,0.10313881593802106,0.1051019261131392,0,0.18735856534886935
0.1258279509344196,0.15597544501756097,0.2550805333102202,0,0.1667522144511504
0.27025209421978996,0.08629360277412172,0.11368955732273901,0,0.14696034111754563
0.2118850070442788,0.07446023847314286,0.08209705123156687,0,0.11721503159616843
0.965604776550495,0.9954575283693473,0.9171059164205757,1,0.9708313804339372
0.03279392336248581,0.05443393275195717,0.04523571292307519,0,0.046102285969339366
0.0417466097246408,0.04623958318608058,0.05260461607849694,0,0.04616469772613192
0.09328001952984177,0.1040530469446182,0.06353060020230485,0,0.0927166493717226
0.34635911935207464,0.21361973006580837,0.17174393279293315,0,0.24506638739711323
0.6929596755545884,0.8364625138981115,0.7817940483572863,1,0.7824779692868895
0.07809497922202642,0.1521350606345947,0.12005287351418228,0,0.12350659878674174
0.09369336840759616,0.11855945130467428,0.09719746565786268,0,0.10682722930618853
0.034837109132993524,0.09860607105792146,0.06366220850374195,0,0.07248660996960718
0.03834659937653729,0.07309841828920609,0.07259845305135373,0,0.06257287956783497
0.8390140954728085,0.9381505113931522,0.9108336331405481,1,0.9029462109665283
0.09342144523660434,0.12686104567674147,0.09115955254140928,0,0.10968886691763391
0.1192429212640289,0.055664127012129354,0.07021277810803388,0,0.07764749550688012
0.25505777970389276,0.14870377687640882,0.1461072396732474,0,0.1800906702840217
0.577008159205264,0.7776116201541685,0.7217174416028881,1,0.7062517461592411
0.9222998250040624,0.999099905908176,0.968445220847157,1,0.9699289446247381
0.2550424204864599,0.04537033419985624,0.05819675540246517,0,0.11083724432635914
0.3457381806689085,0.157257477021575,0.103841102586485,0,0.20311841322875704
0.10400965641743945,0.706405867438748,0.5749514851690604,0,0.4993961276784179
0.23716775328822723,0.045017937107093106,0.05575599198550763,0,0.10481049293711625
0.2867355268006343,0.03377687706578918,0.07854917818248368,0,0.11861893220958161
0.640033000223248,0.7538770469553517,0.7913053912426777,1,0.7272095017931858
0.10656385071520368,0.35753369798113216,0.10860264418325007,0,0.2324565330417772
0.34331656527525495,0.15374777965005984,0.3958772528595087,0,0.2590443099795081
0.05965472509503617,0.1277059665981147,0.15323379880273205,0,0.11239616058811461
0.3163058771418466,0.06005843818697252,0.0737551588615156,0,0.13967201400834334
0.9010332403324665,0.9993862566091106,0.9545003087763541,0,0.9609031621595661
0.1987655323405828,0.10112204328809338,0.10333083997354137,0,0.1308568493409298
0.06229872179484076,0.1465789854686143,0.053889383266352384,0,0.10275698592602986
0.02864749296891073,0.022049204460770074,0.0757432345705241,0,0.034767497035163075
0.2784192618213271,0.3973529293526086,0.2222756206793275,0,0.32665736735856793
0.17022049417403254,0.5782934095096711,0.2116455877741288,0,0.3825419705618711
0.7209177094396304,0.976768514874657,0.937593393517334,1,0.8921782489726844
0.6159046988340245,0.7711906724240644,0.8202995902294755,1,0.7344266639081346
0.3690394768947014,0.4158593363961828,0.1838054964293268,0,0.35540261055236716
0.6864889804027251,0.6273856808908423,0.5538683124985311,1,0.6304131970659449
0.31813530753394337,0.48032704338774784,0.1618133186782659,1,0.3679667776897101
0.03623756601170788,0.04815286094082231,0.052779877165830005,0,0.04550367570708952
0.07196657150452011,0.06864262462278092,0.06567077287558123,0,0.06904543833786274
0.8906933519358402,0.9702148172817011,0.9438163759414175,1,0.9410786894098861
0.2584683513302639,0.10053749435227272,0.13124485281171341,0,0.1540582231375582
0.5576475027298697,0.5012931161288355,0.31457740394802874,1,0.48085628967298444
0.7883473122051247,0.9600544317306581,0.9126795228960507,1,0.8990673141060767
0.9537506127300113,0.7207246201270656,0.925509670157592,1,0.8315894279140545
0.8989793342261975,0.9214516908620325,0.9402083015483913,1,0.9184613060085538
0.10764413673644434,0.0937913880886282,0.08343404163114229,0,0.09587574339147585
0.04081327309333502,0.039928656107153265,0.08473740704737433,0,0.04915579139105201
0.6765873794575433,0.8395045205529774,0.7277396629750758,1,0.7682764067087668
0.818709614893701,0.9741404030305016,0.8619111163458687,0,0.9050653092525348
0.08380455134075059,0.17484476820555517,0.11128691161112021,0,0.1348211318272268
0.001593714077894136,0.1399639788076829,0.06667056835383266,0,0.08379421729797623
0.06802297683280352,0.034598784761017964,0.02727283138829865,0,0.04316085170800976
0.0824591334429207,0.10482967104198875,0.05668990396314096,0,0.08849055634649877
0.1145460954649472,0.13675795533484214,0.08255968060332322,1,0.11925474242756988
0.731896104046647,0.7870955681045471,0.8546310734268578,0,0.7840428299516392
0.05606350840256402,0.17762201479693004,0.17549023891538654,0,0.14072810770231153
0.13870625558011948,0.08333237523132436,0.10116230159983816,1,0.10351052460966564
0.6929733487681413,0.8222783523096945,0.7669215018441082,1,0.7724154811541113
0.42461566624097996,0.38230606346331036,0.19709072891248364,1,0.35795587738644585
0.0947912583068384,0.08687717016055058,0.09279065658927876,0,0.09043409389018256
0.7470613258853185,0.9804698424869515,0.9135129495806791,1,0.897055908925207
0.1033424748051437,0.0855522296838347,0.08734701093633171,0,0.0912482594707268
0.20793461224373316,0.286530534919985,0.20792531092506575,0,0.24723071331812557
0.0727185739792287,0.1769682431689893,0.15555581641488014,0,0.1414108570612393
0.9276949778626172,0.999237708084278,0.9763900299639392,1,0.9732053533937121
0.597537407291314,0.5370728188231935,0.7137693877886881,1,0.5905515091567285
0.10015079920463532,0.1355042941621832,0.16825799574153827,0,0.13144898599078986
0.9519184421232718,0.9998438707890372,0.9763089368858356,1,0.9807592554086673
0.2084656558948834,0.15311797982101288,0.17720792555172127,0,0.17454027178931572
0.12284012261748835,0.102017639632638,0.13164265091264948,1,0.1141893867840954
0.22234560353743377,0.2148510216194523,0.23594101909506207,0,0.22131739568996872
0.04305772405240631,0.09749607453908242,0.09647899515602985,0,0.08096115351646907
0.08711237175960557,0.06392602646964522,0.0563670994213091,0,0.0693701446469661
0.30130252296229354,0.41329694195494054,0.2335212394555416,1,0.3437434757572666
0.11485480735996802,0.1811186274258313,0.05965206733238479,0,0.13694616938738302
0.28564810865287804,0.07157277568509264,0.053148009850294387,1,0.1321104224084686
0.10620295715878678,0.14035413641737038,0.1116166364843154,0,0.1243612826531843
0.2954556836922795,0.08412960513345859,0.056717107368162906,0,0.14204492914804573
0.2782231899822084,0.0112680171677786,0.04584929076081972,0,0.09827082373071576
0.9416227800557577,0.99896163762192,0.9637588867674795,1,0.9747194301811832
0.08064994272281048,0.2665652893824636,0.24402551614034793,0,0.20628273073614453
0.08139386747806847,0.08264168439865253,0.04320204581026058,0,0.07437941160479893
0.22662146400317504,0.2681280901048438,0.3754075472118341,1,0.27713199369574126
0.23387257482036725,0.09201173390404675,0.06767049745350225,0,0.12970173888883402
0.6581377041929737,0.6841593512218913,0.741056984612272,0,0.6877323837912922
0.08339053915401247,0.0850263116290235,0.06415705009736052,0,0.08036172758018759
0.7804019082456376,0.981980015581278,0.9086064694199592,1,0.9068318741483221
0.26454281237434196,0.07492433031840177,0.13668897453337858,0,0.1441628037781792
0.1815203174713435,0.12997367305565052,0.10864504426524187,0,0.1411719406222767
0.6369809089034958,0.7040802904838602,0.3650716830109715,0,0.6161487545151731
0.5741139135253585,0.8276058191850286,0.6682468429608112,1,0.7196864522422841
0.194415199842845,0.2155979928269875,0.2368714779485413,0,0.2134978519560555
0.1139047168493748,0.30883097171411944,0.12056598113613208,0,0.21270009713909857
0.10236148347759176,0.11627719930629779,0.08336895429893203,0,0.10552083555621283
0.37489847332948606,0.9323318383343412,0.9521271992129395,0,0.7690609010086044
0.6321196958103671,0.7182204261839751,0.5787351600805916,0,0.664493153851216
0.8462873813225964,0.8534537089079147,0.7939777395370048,1,0.8394086167581372
0.22074664022978607,0.6037026788009122,0.4464548709892072,1,0.45736630566723335
0.1373268106175762,0.1066451987377107,0.07731281512828685,0,0.10998320557978558
0.08691494513906077,0.08095565898844238,0.06267527441697247,0,0.07908736791933392
0.5964168059907231,0.4636476400166853,0.5882074083118664,0,0.5283903434679329
0.2030948785693025,0.08382252403138096,0.1468262673676143,0,0.1322049790600041
0.0600948293743771,0.09088701925000162,0.10604341539787007,0,0.08468064151688795
0.4730179722240806,0.6280169068416105,0.5246282891443598,0,0.5608395029169014
0.6770152149579474,0.5714416613197245,0.4055135500550665,1,0.5699281051582598
0.9644293139942777,0.9901709964653428,0.9668058629568897,1,0.9777754650223326
0.9333955710539851,0.9994589463747363,0.9707829593540901,1,0.9739047363743817
0.9910469446145137,0.9997251277346747,0.9814281378886476,1,0.9934622748294211
0.7153980681493177,0.739339540219365,0.7287208047914704,1,0.7300333515127719
0.1134773600239735,0.16050856604223115,0.12204142515471751,0,0.13870577605925113
0.20113005759357824,0.2847810975019837,0.0797300762044824,1,0.2186755812699618
0.15389765159613136,0.16082217605531193,0.11642744093037213,0,0.1498658716925698
0.3224683065890215,0.02816932992158347,0.034823496394668696,0,0.11778985621643191
0.7105471120674245,0.8942213488161489,0.816192440385046,0,0.823513296105311
0.17336385709629593,0.058543148688798355,0.07185366893304677,0,0.09565146525989732
0.016686489195722687,0.049181904076866574,0.03188267822189069,0,0.035973434441528236
0.06152404827917272,0.10084004185880474,0.062298767186945166,1,0.08133698885054322
0.9078729675223286,0.902213418661574,0.9100165871834501,1,0.9054719170241756
0.932891747796452,0.994783032377848,0.9602005376219492,1,0.9692991480522495
0.3377949652739577,0.1282047695075041,0.17375234896893968,0,0.20019134412972728
0.10060737296772738,0.20759615036343237,0.06498014368589468,1,0.14697631580921333
0.8226303770893199,0.9528795835379977,0.8553697103020492,1,0.8943028469562047
0.4064085753721009,0.5728582892068093,0.4571017214081061,0,0.4997720614966561
0.7256520786480507,0.8830825370934913,0.8149549449970237,1,0.8222278811405656
0.7270624554136247,0.8685860863349905,0.957955566233649,1,0.8440028930383124
0.4930231217547694,0.33668229917430836,0.40671669171377817,0,0.39759142445634066
0.20187687076875505,0.1216198623318443,0.04841166564082218,0,0.1310553255247131
0.24932646524253266,0.018465651872382933,0.043502147171617815,0,0.09273119494327482
0.5345916598800785,0.5802316265973675,0.5829355694492265,1,0.5670804251525526
0.030587104608276926,0.1826168242727574,0.06538065190924926,0,0.11356067390071163
0.08873457268111598,0.17733436803514632,0.07830487058480205,0,0.13094852993886835
0.12106194257392075,0.10888936344912292,0.07714060487063759,0,0.10619138547086521
0.11196585370372793,0.12924123588663666,0.11012146796750658,1,0.12023466764793803
0.3194854804923099,0.18265040349779893,0.4796686971136681,0,0.2831045853193261
0.11306969120655191,0.10883154612410546,0.12576152443073585,0,0.11348898531016546
0.0856883426384697,0.1669429545210641,0.13429786603651966,1,0.1360375532593769
0.1039624741073078,0.06815947612366624,0.07558873832241818,0,0.0803862279585091
0.157240602947658,0.04541172130250233,0.06466860589124732,1,0.08281176271379803
0.6865877616676104,0.7717668861848839,0.772917349919427,1,0.7464432415766105
0.9357796747905691,0.9796104990856072,0.9345969488208433,1,0.957458541744143
0.9789272489474263,0.9991503167440463,0.9771172778538566,1,0.9886767886270225
0.22789323782646717,0.6271454402226859,0.5327185821482465,0,0.48848440788893244
0.6213478526040696,0.1675422877194661,0.17920499770211712,0,0.30601649918137735
0.09334247548395506,0.06919017823364916,0.04954796701356654,0,0.07250742516472442
0.450862656261035,0.28663506094049457,0.20063102230505903,0,0.3187025318095696
0.12736208340157487,0.22745754755250613,0.2921005873184543,0,0.21035751626041638
0.9363248568588516,0.7797334510378787,0.9334579942723109,0,0.857455781431057
0.3232621239466107,0.5066625450027876,0.5108541469526398,1,0.45248073907590497
0.9688459580572237,0.9406740228613459,0.9716173283645678,1,0.9553142645207537
0.7105471120674245,0.8942213488161489,0.816192440385046,1,0.823513296105311
0.04821744430502229,0.06406794341815282,0.036749673916296695,1,0.05384913978384244
0.12212061975156507,0.25882455376243557,0.062065558680355126,0,0.17846157454275832
0.8553986853720313,0.9347219208696373,0.9600091704037186,1,0.9159824001271719
0.0942051874569434,0.07634415414290431,0.08029672086883854,0,0.08249297748230287
0.9198939941611788,0.5305666287602027,0.70390803927516,1,0.682033120483487
0.9565983996297722,0.9972165923354898,0.973906416240535,1,0.9803690993047836
0.9817695503647007,0.9996860679426358,0.9668647276604003,1,0.9877468446128082
0.2076599380201301,0.22214249181122378,0.23053543092008486,0,0.2194763134956679
0.9513180125306,0.9994355035273714,0.9736206338302231,1,0.9798372822889103
0.9622411525043257,0.9862561524530983,0.9508132333339032,1,0.9719630686446274
0.9283440651872105,0.9479392648928603,0.9523356209940349,1,0.9429399762014004
0.8401597088439207,0.9850213723134901,0.9152532440012717,0,0.9276092476101755
0.0895639676329718,0.11006811790644346,0.07680227592316939,0,0.09726370442774715
0.08598543171121005,0.12289262551665289,0.15960761861691936,0,0.11916346599507334
0.625544682856686,0.5817273134138278,0.40749931859147526,1,0.5600269252822148
0.8691386836683976,0.8767592510216764,0.8554390404803411,1,0.8702090387074257
0.19076580107708058,0.0747241241113819,0.07200192801094016,0,0.10899218798100316
0.9107471193027669,0.9908246743102713,0.9222881413748525,1,0.9530941012209362
0.944435423369562,0.918702803002027,0.9687827504989219,1,0.9364385786116665
0.09974596935657655,0.08715425480057509,0.08144680776304507,0,0.08979027975986953
0.0841404146918488,0.19577413870604987,0.1879291608962307,0,0.16071502593982573
0.8413844096568593,0.9530288871976643,0.9307310757753032,1,0.9150759816509506
0.8184873489341147,0.9355746147084399,0.9125493252957421,1,0.8958433770936027
0.0015289249644519882,0.1301672037890787,0.07903373321634334,0,0.08134902602714361
0.9561652841030773,0.9987980788321116,0.9616801789006282,1,0.9785846604271047
0.03647023636555326,0.06964862322403123,0.05382013575614823,0,0.05652940967291124
0.875905117452312,0.9486280331116334,0.9212136815222967,1,0.9213282880959697
0.5548009389805345,0.8103839798602,0.5311783433479943,1,0.6778679402938592
0.9569032872300287,0.9996725348258649,0.9706820130005067,1,0.9810436561820424
0.5114382965880312,0.8261661071021593,0.7771869620902548,1,0.72195193494554
0.3181469167311774,0.4760397783394159,0.30703271076572686,0,0.39487050634220655
0.39662739237931915,0.4264830770941237,0.5279220290327964,0,0.43781416206741686
0.05368155997673302,0.1265422742850445,0.0795410764804378,0,0.09528382043162971
0.9392451138410172,0.9948113813116867,0.9696031619696297,1,0.9730998572020744
0.09415170684692269,0.07161046965483148,0.07263383821328404,0,0.07857751452414935
0.3430008459804731,0.444690995569862,0.3372657161139057,0,0.39269889480185405
0.9497777649808941,0.9509110119134062,0.9645700271190023,1,0.9533028408747718
0.04710456728184012,0.03847450934379944,0.08967849879837048,1,0.05130432461612585
0.3260679085686275,0.42815613426388116,0.38832378489471403,0,0.3895631966814716
0.786415540684864,0.9531925169063982,0.939499052853663,1,0.9004207312293908
0.8169938417813879,0.8422407827614005,0.9139544187467437,1,0.8490094276644653
0.20147260617644314,0.10596507325421617,0.10144703395214297,0,0.13371372527046962
0.23553015049931084,0.07698121399862495,0.07686681081023684,0,0.12452301431115309
0.17474689028982354,0.13368801506902517,0.07636040955039786,0,0.13454015653153922
0.8249876013594021,0.8154753845555396,0.873430768442408,1,0.8299201263740721
0.7177043293626609,0.7261177950078787,0.5821852870963505,1,0.6948072537320077
0.6473162011195033,0.7973462296242804,0.7542896195510695,1,0.7437258990582051
0.5659894284008271,0.9339850542114562,0.9350733054689732,1,0.8238040167197709
0.049554474216308174,0.10992834650817351,0.18557861515550036,0,0.10694623855007929
0.10192178859188135,0.07102055561229663,0.06547603929470835,0,0.07918202224265439
0.34103520364232404,0.5419776641153208,0.42374719523822196,0,0.45804883219800197
0.09812432730429237,0.19385789859735997,0.20448003982889257,0,0.16726225545574622
0.06364884027447454,0.07288504610840535,0.04740867677095215,0,0.06501891049073547
0.14637750043773506,0.13348188616022974,0.1165542762234686,0,0.1339650484561291
0.0817228977689176,0.20949571573436154,0.11805777214156615,0,0.15287628162616929
0.9339353337256854,0.997570807322706,0.9664820442513016,1,0.9722624126293189
0.7623250257657381,0.9898782719104542,0.9026048702493615,0,0.9041576177348208
0.7106431074274779,0.7878196140743309,0.7505549824175141,1,0.7572137357489117
0.7106431074274779,0.7878196140743309,0.7505549824175141,1,0.7572137357489117
0.011887908864718558,0.04840656582625174,0.039612451438116446,0,0.035692145860164726
0.20315659718845402,0.12668635781150728,0.10109899648543429,0,0.14450995735937672
0.7019685360258912,0.10944732937249596,0.0766708728958352,0,0.28064840007318237
0.07481810315975874,0.07265071322857558,0.034880323084470775,0,0.06574685217910957
0.07124215166742706,0.08552504748177678,0.09396327949727937,0,0.08292782514057238
0.08497438820549601,0.2011386187379464,0.0665632614344328,0,0.13937427811750855
0.9053325506760482,0.9482782847292607,0.9555860884317487,1,0.9368561252537946
0.8199943051119626,0.6706459846415718,0.8504151547479778,1,0.7514043148039702
0.7124951261819131,0.8528969508472246,0.7657110630402822,1,0.7933392258862427
0.9793713355969478,0.9962241172516643,0.977912831925021,1,0.9875060256899206
0.45720129759994116,0.7905198383273515,0.8238622425829294,1,0.697192756960244
0.07269715948094271,0.13622196149788623,0.08764137879546212,0,0.10744840435231835
0.11196585370372793,0.08041450843574183,0.11012146796750658,0,0.09582130392249061
0.6679941763715589,0.17215229056160872,0.5464005366386051,0,0.395754505519993
0.39576905554629616,0.19619871175047648,0.22556625210656253,0,0.2619433229604396
0.9386947833856917,0.9993942682452785,0.9713922620732912,1,0.9755840215530049
0.6396928174213463,0.7423703809256886,0.7174632598075076,1,0.7065856876507498
0.5508664349566014,0.3676877065762239,0.6047990390817447,0,0.4700635915914413
0.13409514557324206,0.3696102605538948,0.19048296598224498,0,0.263130267145369
0.11171340673021246,0.12453115517964888,0.08599718370141916,0,0.112979036349172
0.9625797909497001,0.9705592572428567,0.9530301666482799,1,0.9646595992359943
0.7411363682392792,0.7646145620986569,0.8291088971648488,1,0.7704699709540819
0.07062851547609976,0.6430655518207016,0.4798304910839555,0,0.4386874287699718
0.9306946619625776,0.9998176186126467,0.9663988918235448,1,0.9723969862598056
0.09345841576634363,0.0880095839468346,0.07344460194733504,0,0.08673123709278739
0.31489046585462,0.3473248774353315,0.18379868432733973,0,0.3048893153395197
0.15577937293007155,0.16852145069696228,0.2290722025684506,0,0.17680897774119272
0.7335960014311954,0.9318071492869665,0.810016931067651,1,0.8479857612863722
0.1134702050706402,0.08608068798129542,0.08730613736348158,0,0.09454263298453609
0.9049646821884915,0.9483293232626494,0.9219892508951169,1,0.9300519164668954
0.21330880599720958,0.5587030750230938,0.32354038921009953,1,0.4080522571527297
0.10468550362303773,0.1101014386508283,0.07739398526879879,1,0.10193516746608523
0.03590242939796359,0.17102456488276738,0.12905588517721456,0,0.12209418829621568
0.9475779792774095,0.9991676354332948,0.9602899843869928,1,0.9759152083772689
0.6901850650659488,0.7587849173598977,0.7820944899317102,1,0.7428668761860755
0.1035253430633563,0.16416401365126193,0.09911455465340405,0,0.13296252067531866
0.5587325284843745,0.7141309169034801,0.7403690159154077,0,0.6727590201801339
0.12142489030691124,0.07217831003990767,0.06445164347413876,0,0.08540695080685495
0.43004120221568326,0.10840854273894984,0.09901096099296208,0,0.20301882423277232
0.901184764860996,0.9352462977488832,0.9234245659347786,1,0.9226634915196961
0.06648653676173229,0.2128710335789301,0.09482434590780256,1,0.14534634699954524
0.08715957198463889,0.08875987509847563,0.08962209822746486,0,0.08845222879012246
0.5438001309438292,0.13381424594745323,0.15810285406071908,0,0.26166773306901914
0.06426938054640037,0.6800580376127151,0.10053818952311291,0,0.3794174708749003
0.6652575114678547,0.3386984480492145,0.3081466339445383,0,0.4305558042538713
0.11353155609704584,0.047681088950412884,0.07449441641356212,0,0.07279889458703262
0.04963578196245871,0.07899714850527886,0.032315660014476805,0,0.0608524408442724
0.7884253338553656,0.9642389678496954,0.9162213023873673,1,0.9018913445589308
0.10467883755653068,0.12862802618816682,0.07743137774639428,0,0.11120393991032146
0.2782231899822084,0.0112680171677786,0.04584929076081972,0,0.09827082373071576
0.09345841576634363,0.0880095839468346,0.07344460194733504,0,0.08673123709278739
0.10733506599952491,0.1144442280864338,0.08424026061401776,0,0.10627068596587794
0.9106207582977076,0.9762114471240041,0.9773997811687603,1,0.9567719072850664
0.20187687076875505,0.1216198623318443,0.04841166564082218,0,0.1310553255247131
0.0581817299900841,0.2193723844482802,0.10049715649738576,1,0.1472401425206425
0.7529049961115263,0.6693264957320713,0.7156407164732825,0,0.7036628899941499
0.7991519738567643,0.9857348143686792,0.9636599921904552,1,0.9253449977794599
0.7694699395080992,0.9387627185532252,0.8855991481025288,1,0.8773421707495481
0.21005755975882537,0.24445491655934523,0.19325623029520117,0,0.22389597226636046
0.5988238808787376,0.5536362937414806,0.6099472708097636,0,0.5784547652963143
0.13790484170169875,0.25476564867790824,0.17783369895435927,0,0.20432101664033558
0.13865567468677897,0.14635823626691052,0.09085126179709611,0,0.1329460728989082
0.08067530005742651,0.20413337824080333,0.23011755370250575,0,0.1722927898781308
0.5752406084416143,0.5796101560504747,0.31003319187683565,0,0.5243838989330888
0.06037717370972211,0.05833958926252734,0.06291191907787662,0,0.059865330559755625
0.09392802190398443,0.08661889511840686,0.07926940577863707,0,0.08734173528612617
0.8542570120666132,0.8560126341707134,0.8177464943680948,1,0.8478327195789597
0.8496197522378509,0.9655981328788101,0.9096522438125773,1,0.9196154408732758
0.1134773600239735,0.16050856604223115,0.12204142515471751,0,0.13870577605925113
0.08103582344243627,0.19578593562243288,0.33834846455255413,1,0.18987340775445816
0.42432488305026267,0.5476909000850326,0.4005708655245217,1,0.48125708806249945
0.648050766558691,0.6745173801407042,0.5388361880266979,1,0.639441157643299
0.7642073874369214,0.8197426160387943,0.7854077080582517,1,0.7962150658621239
0.1171633803187593,0.3246594043111908,0.0739691845799384,0,0.21227255316721086
0.20986100746483852,0.48374173427091494,0.42784589076759266,0,0.39039834752842756
0.8986635547279038,0.9995062719656862,0.9566778942125623,1,0.9606877812437267
0.27199522271842813,0.03287075556513244,0.0676945473418553,0,0.11157285406646572
0.5316071776850929,0.47491744987827766,0.8516138321582175,1,0.5672636446763102
0.09890150011441709,0.3549145540563352,0.08869611246393676,0,0.22486694955528008
0.20227090644362974,0.19343812413699826,0.2455374509040697,0,0.206507824182402
0.7413619773449034,0.9220053103724083,0.8490983119800102,1,0.8532309107856773
0.10866224276626334,0.13241373621582805,0.11460865231216329,0,0.12172727140022568
0.05842147831149586,0.21615133625482508,0.262350116480755,0,0.1780721349170123
0.7964086613070404,0.9705187830631214,0.8746396065053934,1,0.8991099112247516
0.08910022235512086,0.04825492203176647,0.05157251437799895,1,0.06117203059801928
0.9297070538303952,0.882923756786034,0.9197034578868596,1,0.9043146861195075
0.837788995556659,0.9646431405742232,0.9368693981532932,1,0.921032148584768
0.4103064989906271,0.6951774523834444,0.3814301022551333,1,0.546966696339937
0.5528687297266152,0.8111000322886002,0.889818992540886,1,0.7493744335704619
0.4128524161265235,0.31315941692055155,0.4015169719939799,1,0.3607388276970288
0.05659864140722516,0.035271019058460876,0.0550347520256347,0,0.04562205235652493
0.05874029489086544,0.1654329353716278,0.03842062076381132,0,0.10802268030583578
0.5049370974813404,0.6390539279329516,0.6113312823611315,0,0.5932743496831042
0.2853049091771827,0.3773603819278159,0.17638852811514436,1,0.30954936934009164
0.08908287842086902,0.06231138797003494,0.055397925995665995,0,0.06896014271041137
0.10614728518603288,0.08411868586331753,0.05515783437193902,1,0.08493509536185642
0.18407161599007132,0.3158701523637147,0.5264643237882902,0,0.3184494257365368
0.9211852245221153,0.9974680395213794,0.9480422557230876,1,0.9646980382619418
0.6377183729880567,0.7386333860872251,0.5597241401584957,1,0.6725770329717287
0.1134773600239735,0.16050856604223115,0.12204142515471751,0,0.13870577605925113
0.26878907959080894,0.2667912364183705,0.10584125147100282,1,0.23520059238062851
0.07703283451716623,0.08695068392971306,0.12784766388863236,0,0.09215472509773287
0.3094797394318674,0.26706579465281394,0.20028118506552434,0,0.2664330561690721
0.11837620797051593,0.1393931754790045,0.06224990112200093,0,0.11765943035505722
0.08715957198463889,0.07854086962968905,0.08962209822746486,0,0.08334272605572916
0.0693033840270073,0.07181787459131365,0.03393964197533821,0,0.06348788089882666
0.2003051307330792,0.12194221356129235,0.086137848320802,0,0.13829021566473032
0.21341328422825173,0.13572321067463203,0.1369291031265413,0,0.15927141123109978
0.11834492701287411,0.09822481136460334,0.059794298578770576,0,0.09657474350191803
0.581554080053601,0.8052023375691926,0.8425207175268754,1,0.7455715363060517
0.08691494513906077,0.08095565898844238,0.06267527441697247,0,0.07908736791933392
0.059878851622135,0.03715070832095063,0.07550521004672171,0,0.051640051656460156
0.7343494272704111,0.9490362297437952,0.9174630379940488,1,0.8783155506518306
0.939699629204139,0.8559330430631725,0.9279753554284917,1,0.8954714813785263
0.6534284695075872,0.5278878062136738,0.494139308584116,0,0.5588003056759363
0.3416197273120377,0.1696212011298059,0.47084538331180753,0,0.2814655954208758
0.11353155609704584,0.047681088950412884,0.07449441641356212,0,0.07279889458703262
0.05487416993485252,0.16926341661383962,0.15591476593796924,0,0.13227691247496942
0.10128181191905462,0.07259308829900517,0.07683629055294966,0,0.0820483458358089
0.7332719286309167,0.8790315501729383,0.8649582548119212,1,0.8324890046381285
0.11439338880008698,0.05128986060685547,0.04610762406925147,0,0.06918447175730412
0.20187687076875505,0.07840389588438339,0.04841166564082218,0,0.10944734230098264
0.049522782525582634,0.08067627582188622,0.08539198335740408,0,0.07227336934009872
0.5490999562889579,0.14771158483091987,0.20369772895045302,1,0.2793253250922379
0.555720778948241,0.4800001196533267,0.6586940649158084,1,0.5384551064942973
0.27896563076598696,0.012221143088091092,0.04384861576237937,0,0.0985699839263175
0.9437226151671684,0.9996517497894605,0.9639446298239424,1,0.9757315854096693
0.33002875555797306,0.2353932745152257,0.21784880114910418,0,0.2602750241548256
0.07809497922202642,0.15053393155685668,0.12005287351418228,0,0.12270603424787273
0.5194083664317848,0.8400524301220764,0.8029494986695073,1,0.7364386247244751
0.05874029489086544,0.1654329353716278,0.03842062076381132,0,0.10802268030583578
0.10600930335309378,0.10732016849124829,0.08302815366294963,0,0.1020685059841422
0.24932788559635594,0.17061070205506818,0.3033827875755335,0,0.22078027422154756
0.2719743448980486,0.147939250965604,0.05967836257530957,0,0.1674976014672785
0.10628353726475953,0.12072627562855681,0.08843668761759775,0,0.10993553651722582
0.12009053060921925,0.0824820386897534,0.09666560406092625,0,0.09660129933982772
0.8328856608842702,0.9560794345680578,0.9623063168850762,1,0.9203666789263252
0.10310659084968037,0.062157279897263114,0.05637224312438154,0,0.07328506582841197
0.9415622765770456,0.747604288701685,0.9366727318467164,0,0.8436053736932995
0.1070438197514603,0.17360537450926256,0.15608691313414225,0,0.1501332158068978
0.1186994666588438,0.08104723775569558,0.055200348440746214,0,0.08717352856365018
0.7036937768654716,0.8760633915140662,0.842474658604581,0,0.8176347605375908
0.7104573408211731,0.8991944977064826,0.8126555937577696,0,0.8252655698511472
0.5514140047149958,0.5474991929565868,0.4153474962352669,0,0.5222432971398455
0.9619774456710706,0.9993174463643903,0.963196432234214,1,0.9808912433303592
0.558638931702619,0.24122051357838387,0.5149232153992085,0,0.3911865793798194
0.7559035513120825,0.9203989037727698,0.9242425991132366,1,0.8718190371026571
0.3406909670609009,0.5015171641046723,0.351129969649766,1,0.42319186610055964
0.08556403982819802,0.15005333780121777,0.15871872249154606,0,0.13243962534737752
0.10347216188503579,0.5206336972773979,0.43649120548888226,1,0.37865673830198615
0.08325453679539621,0.11474996981955854,0.05929265246721065,1,0.09420987644184026
0.10039057278596586,0.1424753717781825,0.07542220685351426,0,0.11643929909558386
0.39258247946693275,0.8862620865812092,0.8830993855521493,1,0.7375256642411143
0.9259549439709082,0.9948359139054893,0.9636939253104009,1,0.9679432252060973
0.09492214084481335,0.08343675724889234,0.08599279951719739,0,0.08739358078132965
0.3094060417977866,0.3440900533307173,0.3907744194781285,0,0.3430217231003203
0.8637478803321301,0.9530193980422793,0.8742976739558349,1,0.9104935979119457
0.12576224121733037,0.18026873844395017,0.17532508051836523,0,0.16292805769084723
0.8246771773571064,0.8797060307036668,0.86497994557346,1,0.8602521576736574
0.08229719433447408,0.18506528457024282,0.146969811573527,0,0.14661576290016903
0.9364232366767864,0.9972079649037592,0.9767448375161304,1,0.9748799209581416
0.09996935053829313,0.06849322907634688,0.05389140156013007,0,0.07501570001168739
0.13761696516981328,0.1245037396753889,0.09533488437339127,0,0.12260393626331668
0.9532628256968303,0.9579838133888454,0.9617619487208887,1,0.9573231441476495
0.11207951638727123,0.14218899545791958,0.11868523946222492,0,0.12845540053758614
0.055436103702494875,0.04269655357338163,0.03655980192353669,0,0.045291068282146615
0.6209901243740412,0.8099012548652863,0.7550494942431027,1,0.742257563593476
0.5468078234035445,0.3597337690858097,0.28059329797672844,0,0.40002789115931386
0.06648653676173229,0.055307860624966274,0.09482434590780256,0,0.06656476052256333
0.08177395286703643,0.0893270834120399,0.061776176644022365,0,0.08155096289493535
0.8310688422070435,0.7850106908623425,0.8804630578480052,1,0.8179186096628853
0.14637971267981992,0.15587267851582925,0.10619351401680475,0,0.14308895586522155
0.08063131912199534,0.19330708153938186,0.11014279493070628,0,0.14287149549243078
0.66761238806568,0.707016681882279,0.5880193911847525,1,0.671395935597794
0.5682443051103142,0.37732512823616854,0.33570090269112546,0,0.42627603618940363
0.8284023710885765,0.9946403749581249,0.9427237255849986,1,0.9343856439226351
0.4725303308291273,0.7870366395695718,0.8204933047233814,0,0.6993760799782004
0.9549657012832662,0.997778718947121,0.9685931193368621,1,0.9790976937259127
0.0908889100461782,0.045598256600397465,0.06289694659812757,0,0.06264519063367771
0.9286258837675107,0.9936103824377066,0.9721097378090071,1,0.969814903910908
0.8745602221763928,0.9905294954707159,0.9648378843776123,1,0.9506003912637981
0.2023769741161219,0.11513642136992691,0.12228433169728954,0,0.14273816925925795
0.19103179157340291,0.11513642136992691,0.12250806500620498,0,0.13937936115822533
0.12279207070379665,0.11380988359125642,0.0999093104407632,1,0.11372442509491985
0.28781115333308277,0.18884862771515887,0.1959296667588013,0,0.21995359320926453
0.19142785463131484,0.11515164197358822,0.09180907122680662,0,0.13336599162154988
0.9013147937703485,0.9926021086677758,0.9428985840151458,1,0.9552752092680216
0.27117437793416366,0.19632066676177945,0.17049098753397973,1,0.21361084426793478
0.03617931830684782,0.03182106265590998,0.06394363084567298,0,0.03955305298914393
0.7774943995966602,0.9049100617949964,0.8864486676980312,1,0.8629930843161026
0.5627892190564718,0.2218893323545299,0.06465612560421807,1,0.2927126570150501
0.2147116393846208,0.0789691232937374,0.1011687392912081,0,0.12413180132049656
0.10767162593333926,0.11924573929263235,0.1167021917854222,0,0.11526479578340239
0.1271877314379923,0.09655892597706062,0.0823516475954045,1,0.10290611193900889
0.6402027464522432,0.6986660617926358,0.5361768574774964,1,0.6486292263274901
0.21881552216423372,0.19553226120303419,0.3445786492618669,0,0.2323265171031606
0.7747181953486424,0.841958141679793,0.8566599369964188,1,0.824726516843773
0.577932519460985,0.16610389375112133,0.271592355249021,0,0.3107501737636603
0.9130150074187663,0.9998711270407142,0.9673057746434218,1,0.9673012206746714
0.5930107977321962,0.3667544903546726,0.4025496557248432,1,0.44179041564196386
0.11835592330562276,0.1388609511506649,0.10035878027249286,0,0.12500900862151784
0.06284393035351885,0.06864262462278092,0.08290428381241231,0,0.06975534817992858
0.2232666962088514,0.13687658002555927,0.0985067334030957,0,0.15511964555605418
0.09350562734623154,0.1367853656953522,0.086364279065391,0,0.11371722686462377
0.6732085396188382,0.4095366886514074,0.4155238250244273,0,0.4898356712162406
0.04110938209806716,0.10019841941412642,0.06238547975675393,0,0.07490912028783415
0.11069332088623336,0.07233862562521785,0.053818633903362445,0,0.08014103585915143
0.5485980422829808,0.265425454448887,0.3759087721725444,0,0.3724738943438466
0.13761876604457016,0.20652094688327025,0.13794330281597272,0,0.17213476381820073
0.07061063380897949,0.09032661560679366,0.1023686710553845,1,0.08682023215716758
0.07249446117947328,0.05952638942316817,0.04443019289190253,1,0.060397571643806575
0.8429084603038006,0.9669011206681426,0.9281602435825179,1,0.9219551471417151
0.36975052020618665,0.8234241005790618,0.8797441136761124,1,0.6985860290866095
0.7105471120674245,0.8942213488161489,0.816192440385046,1,0.823513296105311
0.12247497770759788,0.21121993097440828,0.1707339867931465,0,0.1764992561581128
0.11414732190790222,0.0689451064139976,0.07397496847424478,0,0.08351174347421841
0.7760942434328709,0.9486018037303887,0.893209965953563,1,0.8857711680857683
0.9243695347318888,0.9998711270407142,0.9671600763271327,1,0.9706784392053502
0.7430148618616421,0.4446947281682746,0.2660348156230586,0,0.4984587857672417
0.07304971460652324,0.3224085450888562,0.2374742243212249,1,0.23061403179063006
0.6858992677878227,0.9310609508364429,0.8684225187728046,1,0.8449847595091292
0.9415921616422688,0.9945761656776764,0.9489280293856003,1,0.969551337208639
0.10104706332372974,0.052444807338921026,0.04658170947082048,0,0.06585286456074353
0.4599850796279242,0.7239323509233018,0.7822239625492361,0,0.6564064918598753
0.13825601450285843,0.27602540786203084,0.19262411846817426,0,0.2180143319755078
0.9319994319400698,0.997697143640505,0.9546267601814806,1,0.9693737534385696
0.1401597775802032,0.07503611497616004,0.03659183348455948,0,0.08688435745905287
0.21307239683832857,0.08582980997572798,0.06066577569178067,1,0.1189697791777187
0.10144664505685515,0.0511693730859436,0.05040257067433654,0,0.06609919419489566
0.08715957198463889,0.07780166376877252,0.08962209822746486,0,0.0829731231252709
0.07420763709155138,0.42328523864952583,0.04081450355497122,0,0.24206781116322257
0.9279428719161497,0.9705989629986216,0.9671177441206689,1,0.9571058918982895
0.04930141321392451,0.054788909565527844,0.031974133966106155,0,0.048579705540162506
0.6118077318701667,0.8714132175703936,0.8385718019176207,0,0.7869632887297708
0.12234801411585731,0.0706951193464246,0.04766077066119595,0,0.08158411804020868
0.034126367167832176,0.056971036025954526,0.04726891214653666,0,0.048177210592634245
0.8587357866291161,0.9845543422741238,0.954715898006019,1,0.9408410867270005
0.037221800187411,0.11617983003880653,0.032946872525579575,0,0.07584582958074249
0.14637750043773506,0.13348188616022974,0.1165542762234686,0,0.1339650484561291
0.37862458642005636,0.4455205717367497,0.796856012620038,1,0.49571886431839934
0.7807237890116747,0.9874823595559398,0.9256616617193352,1,0.9130906488253394
0.10033188348268766,0.08371520322634503,0.053738484302601634,0,0.08270486351849915
0.3553102574399469,0.14674248133855233,0.10580074016551692,0,0.20112446593436362
0.048742785853693085,0.03903624958692165,0.09143194588970142,0,0.05242734972750904
0.45644078537679933,0.7452753342705041,0.5571665338230087,1,0.6210032095128936
0.04115930132104518,0.03979365997099865,0.07635207350717335,0,0.04751503508324755
0.0842505004990004,0.21215174213840335,0.1310075465958103,0,0.15755253053806384
0.43896501420167194,0.6365265868782423,0.2969158956655853,1,0.5093359768327398
0.8718076361468718,0.984065238186815,0.9512926167068071,1,0.9438334332788305
0.930695274659895,0.9959572832983418,0.9217230508749615,1,0.9615318342221317
0.2935865804700184,0.3092023845618245,0.3181741642416523,0,0.3063119992702482
0.09385884481390562,0.12657436953779963,0.13992684615022152,0,0.1194302074431158
0.5741139135253585,0.8276058191850286,0.6682468429608112,1,0.7196864522422841
0.10764413673644434,0.0937913880886282,0.08343404163114229,0,0.09587574339147585
0.0751000079152681,0.08424257987180277,0.12784766388863236,0,0.09022082508820829
0.5997616735496024,0.9589514222717763,0.888380880990829,1,0.8370803893989347
0.03279452125401095,0.054980139689156104,0.06511183479641487,0,0.05035079318006431
0.6780398347344897,0.6803300423019398,0.7415755008142167,0,0.6918920717341601
0.732427695551056,0.9929898557409674,0.9459498929343696,1,0.9054132151226744
0.23462987704739033,0.09024259667501909,0.07348713241959502,0,0.13020768793564563
0.08961922559176475,0.2266235147923484,0.22605304075526994,0,0.18540813322475763
0.24191060549420693,0.6335964452253379,0.4333356755712771,1,0.4760385393751865
0.08107514767163106,0.20486169460948964,0.11039271352948912,1,0.14883193431213196
0.11794292301643798,0.1410701048717514,0.15192906930902433,0,0.13630374320261196
0.109077959781038,0.07430244664463967,0.06719355011584977,0,0.08331332127980118
0.2363015052718077,0.1269414101751696,0.3510984539787735,0,0.2045808474648818
0.23261289969306453,0.0428206863390359,0.029516329904370017,0,0.09709747905831131
0.9433716345480333,0.9994090853338518,0.963535178999649,1,0.9754230688312656
0.09415170684692269,0.07452983065868865,0.07263383821328404,0,0.08003719502607794
0.10763834119117799,0.07992243117291041,0.07713120817499194,0,0.08767895957880699
0.11903421711324029,0.09135568938914027,0.04598288790147452,1,0.09058468740883713
0.0480355586961901,0.02938124597146724,0.033220991636252986,0,0.03574548892184125
0.5923337337137143,0.46191135237133585,0.5184073906414943,1,0.5123372744280811
0.32145123709297385,0.04743810814137572,0.039525561265316485,0,0.1280595374516433
0.290473062821416,0.028803631414682868,0.04986412113661081,0,0.11151655878108839
0.8183063315594606,0.9390915002972067,0.8535246498876636,1,0.8857425795939742
0.07062851547609976,0.6430655518207016,0.4798304910839555,0,0.4386874287699718
0.11571674335316905,0.15494197674718485,0.20711742608909747,0,0.15360949659736262
0.4208005018444756,0.2359333120917374,0.1144609733515385,0,0.2670990012695191
0.05802292535115845,0.0763744582847114,0.07193621199336822,0,0.06998134914637688
0.10811836936023633,0.08566173321506833,0.09374544876936994,0,0.09401546716947905
0.9564303516914613,0.9974764842396247,0.9748581237525937,1,0.9806389723777695
0.34485508037727775,0.10558265195673287,0.08851837981132406,0,0.17395152605381456
0.10317890173177657,0.5310859989972105,0.4872945581588364,1,0.3939555816499055
0.5939830230103343,0.8911902535433943,0.877323019691125,1,0.7992546376130225
0.2800145994364816,0.43980868099533343,0.11967434244506281,1,0.32784358881762377
0.11164407043353126,0.06925458129522287,0.086040108245,0,0.08532853342667082
0.4879363807303777,0.5039119309983048,0.5695584676600114,1,0.512248573250268
0.09335261953406407,0.1040530469446182,0.06570723935637106,0,0.09317375720380254
0.6276720632317015,0.7561195088902464,0.4740630290758686,1,0.6611739792298074
0.10033188348268766,0.08371520322634503,0.053738484302601634,0,0.08270486351849915
0.8173347143608265,0.9702585068016519,0.9130546516909328,1,0.9129405980472605
0.10676075920325497,0.08211276799115273,0.07024547685874581,0,0.08713370712830201
0.7257059906069524,0.8887044125654122,0.8908815677863435,1,0.8402403170220605
0.7116308428817224,0.8095095856147312,0.7045725041633826,0,0.7591585465045588
0.1403801978890771,0.0757813717285872,0.06783076342342648,0,0.09357089791570203
0.09345841576634363,0.0880095839468346,0.07344460194733504,0,0.08673123709278739
0.6513787876678501,0.8761242591116392,0.8647361576463838,0,0.8064229973854514
0.25753057113132355,0.06906682373427517,0.06629972584278987,0,0.12505252837509262
0.23386448208067856,0.22062713569146541,0.4409398190970582,0,0.26866087628934787
0.32490621525145047,0.4265758100175355,0.21490805561186102,1,0.3537413807065751
0.07093604904839003,0.03981199261541469,0.03791381290625487,0,0.04876957360347532
0.27557534654555027,0.2611339499675556,0.0728743627281763,0,0.22781445149307814
0.07185403810223556,0.05239757633393907,0.04127978895304057,0,0.05601095738824832
0.06973101305003067,0.12367848138794858,0.0944596381008575,1,0.10165047222915499
0.1074945867109642,0.14558427193511386,0.3285073030861793,0,0.17074197259808205
0.24328232828365476,0.07716367301422748,0.07209419231552709,0,0.12598537345531557
0.10028592768580435,0.11845722256837021,0.10813585439829976,0,0.11094156046958636
0.061175067876317754,0.11279662739205293,0.17002357062277101,0,0.10875554818347599
0.9102107269661032,0.988334690042483,0.9556704564335287,1,0.9583646543977782
0.7097776166606774,0.967202405966765,0.9186671905049945,1,0.8802679260825846
0.32590134065068393,0.4269004734745521,0.8247387558367757,0,0.47616839009983636
0.05427640545538446,0.1971558095546308,0.29098048720691344,0,0.1730569238553134
0.19304258517067532,0.11016638923593938,0.11055373997912936,1,0.13510671816499814
0.2003051307330792,0.13161642919826794,0.086137848320802,0,0.14312732348321813
0.12972496498113287,0.11649121166283281,0.08798227198675218,0,0.1147595497231067
0.09718706977805497,0.09696466813061247,0.08009180561311725,0,0.09365681612134617
0.6640171021148654,0.05607720162881344,0.31299012946464544,1,0.28984175734179546
0.2515598955726678,0.21686050606987436,0.09800809968033586,0,0.20349984164280469
0.7938547663895521,0.5613559817995334,0.35462557337715145,1,0.5897595354920626
0.6769135872038914,0.4340296081830085,0.6206597962720529,0,0.5442208395070822
0.5798400130354384,0.5463347132648144,0.6942974416927306,1,0.5859788488815848
0.1094300649523175,0.09702669796971736,0.07512470496200403,0,0.09636730946295474
0.008537862207446588,0.17872764582430084,0.02771580860187943,0,0.09746834329476028
0.039692221738859584,0.07291513978469773,0.05868668166169373,0,0.060102572746345485
0.15956365912765277,0.11336665521562936,0.07486944035882195,0,0.1195263134178749
0.017312638266165543,0.060692916111225945,0.033212162337010104,0,0.04218268200286466
0.1124179480185498,0.13042687950984577,0.09573438826906694,0,0.11808570181430121
0.11444691773376882,0.16981039921998653,0.11995205871827874,0,0.14322968667377967
0.9675724564110608,0.9996725348258649,0.9531143569328127,1,0.9807308757228133
0.34530269545373643,0.6751099885388749,0.5221752874098333,1,0.5455808603875251
0.7833394739111841,0.7307636506734251,0.8549371855893434,1,0.7713711046279365
0.10943436172951872,0.7388393168742529,0.6778192677675854,1,0.5378138205094991
0.12116477158607782,0.20319935592871258,0.30059532971523434,0,0.1980681753832265
0.29384870599633467,0.26162837187396004,0.360301738958034,0,0.2910291455274872
0.12328664761868333,0.04864435826559371,0.051785365553603246,0,0.07166524652912251
0.059614428152380966,0.12467840101452657,0.17450131761091126,0,0.11512379247515982
0.712480705342623,0.8631390524961081,0.7689513464993246,1,0.799104007150706
0.2741378840273291,0.4264405034685289,0.4950361137071895,0,0.3944688396839011
0.04937128530945865,0.06632619425759563,0.10172073184019235,0,0.06831862908967389
0.9867831046398251,0.9445974847419051,0.9268240047098713,1,0.9536984747048742
0.37632142066560376,0.8311104278156494,0.903905863752242,1,0.7092328128579543
0.6780482989284631,0.732300354637378,0.5235224100918751,0,0.674269149015603
0.11713721349758013,0.1279454882319826,0.12611538277110268,0,0.12433698471948587
0.05631273487769574,0.07944238843111338,0.07622310999856144,0,0.0718596366785777
0.1508884058432581,0.05755784487304433,0.08376568735950884,0,0.09079858166140137
0.8383633612583432,0.9346655529355121,0.8690237765031814,1,0.8926465401458954
0.33737027575958334,0.7508301298712227,0.6627245155066729,1,0.6091710507648209
0.9562545673545161,0.7737338654638617,0.9560321724968399,1,0.8649497374376537
0.6212741284272021,0.8426252220022454,0.8844922823475059,1,0.7845933059987845
0.9591218730299912,0.8517344707454236,0.9418189493864476,1,0.9019675871589987
0.3342080189458223,0.6724200822333903,0.4889568118827222,0,0.5342638091769863
0.2022745145407029,0.05312122331199995,0.04967395556069792,1,0.09717775713035043
0.08108412229530237,0.337724725017764,0.2726841788976998,0,0.2477244349770127
0.1003501844354741,0.05000535998079159,0.057978703726642655,0,0.06670347606636656
0.11166859910668414,0.09159948743853723,0.09507247039378221,0,0.0983148175300303
0.9609957376380216,0.9782355184348336,0.9535090182177444,1,0.9681182841523721
0.8174496812261758,0.918876787902253,0.9179330598143254,1,0.8882599102818443
0.12484424572915204,0.08796461922456318,0.09096977066007776,0,0.09962953746304276
0.0778620753175353,0.05750501881266656,0.08068708935863902,0,0.06824854987332167
0.8905319221330793,0.9980118502998859,0.9443793355098902,1,0.9550413688918449
0.07587379731325025,0.08114262724583016,0.061462893080696114,0,0.07562603143302937
0.17662874288320485,0.08928163456932504,0.09324434005560142,0,0.11627830816074425
0.13413064473401157,0.1561511646599731,0.10678808554668764,0,0.13967239285952757
0.3430281932107324,0.7181972165386129,0.5899581131817085,1,0.5799986888688679
0.10729343999891157,0.0823379540145142,0.06764117695115886,0,0.08688524439716233
0.6741781387773428,0.7422861592029328,0.8061447506546771,1,0.7346254713656046
0.7256435692140434,0.886528968018545,0.8203928700326127,1,0.8250361287800081
0.1525297357886267,0.0544446161631209,0.059794486429809904,0,0.08494012610411045
0.4919165578669158,0.741046228678707,0.6414047828491561,0,0.6463790382692595
0.9576917669057642,0.9987338520514404,0.9726027460285513,1,0.9811950053031597
0.1969478106908068,0.30546547645265315,0.3115938626045385,0,0.2741358539544763
0.2029899462122811,0.0959977222619936,0.059958141282584226,0,0.12088747325119797
0.2426470946096983,0.07005013908384816,0.07373470433656833,0,0.12256613879214723
0.24557794659233617,0.06773786498950202,0.06850540342526565,0,0.12124339715750498
0.08415953353780617,0.09891296924445916,0.1152854657811573,0,0.09776143783980289
0.32528498796963257,0.07268903839866259,0.13507825890077033,0,0.16094566737037513
0.8684259770887413,0.5010358564701246,0.49188767510607606,1,0.6094232563828998
0.10033188348268766,0.08371520322634503,0.053738484302601634,0,0.08270486351849915
0.09345841576634363,0.0880095839468346,0.07344460194733504,0,0.08673123709278739
0.3496340882112639,0.6973676515563758,0.7769071800138244,1,0.608955488244332
0.3220042709959434,0.5686762138028769,0.32464306751790756,0,0.44586800170380303
0.9178144293357451,0.9260176756316755,0.9641088606694997,1,0.9311749387504613
0.06231462117905735,0.07485505857951177,0.0763273072037504,0,0.07138737708422317
0.07316133812696779,0.632736761785103,0.43471413362026257,1,0.42525960905469434
0.15636352426359684,0.8436779037489032,0.8836850676901299,0,0.6454850226915566
0.06705984773348077,0.12658396701084812,0.08546105123693999,0,0.10050214807285629
0.7845162641024614,0.9698388642987167,0.9133538719707855,1,0.9029450857742539
0.4446793019242085,0.7711446800466127,0.7384576640939471,0,0.6666676634193582
0.07764009002706099,0.10383241000883404,0.08108478985190103,0,0.09142518998291552
0.8192311542607962,0.9157773278712751,0.917364391782619,1,0.8871308885704002
0.6569155457956053,0.851001198770912,0.9455960596499163,1,0.8116944750541208
0.0783107311190475,0.09245763159155898,0.11436427253821622,0,0.09259488963913698
0.10094673370606383,0.08252520351017778,0.05994830142230268,0,0.08353628215136857
0.6654241037315827,0.8836078261717926,0.9372502591460835,1,0.8288811960345878
0.7924485299780002,0.9622372554467379,0.8644360811185281,1,0.8917404029404746
0.0812320995551863,0.21363190622313677,0.14068438205266579,0,0.15932245938865744
0.2760055993022941,0.08110224763774064,0.12263812016767558,0,0.14788042764309367
0.0658339896291908,0.05933775471438751,0.09788412759712692,0,0.06899589976537639
0.8554260883011888,0.6394480722328628,0.8604671317926593,1,0.7484452889653199
0.10287293159092933,0.0632214485069825,0.05637224312438154,0,0.07374705235564635
0.06055273323068461,0.1208505959397652,0.03867032927077148,0,0.08632518379324228
0.17576782924233467,0.2068103892464524,0.1265392068202267,1,0.18144338475997196
0.9096802480484789,0.9979669773200018,0.9625188800779724,1,0.9643913390901391
0.1381515686985556,0.1480461714283489,0.10381894592296173,0,0.13623234550833346
0.9057570444285216,0.9995786658060984,0.9701015074383601,1,0.9655367477192777
0.5624050097472473,0.4343955667905839,0.2318533026360433,0,0.43228994684667477
0.5655223784202067,0.6306306263805588,0.4733281539392476,0,0.5796376575041909
0.07659180664261844,0.05812282958031668,0.04684661375829942,0,0.06140827953460375
0.07073910591072911,0.18065400280686128,0.20236793701571143,0,0.15202232057979165
0.10773243815370309,0.09766253116147781,0.06302384070509692,0,0.09375576516786921
0.052236437668717745,0.09351597857235873,0.07423676530242908,0,0.07727627364728051
0.7988323212494588,0.9053851267363313,0.9613483330241627,0,0.8846119263478358
0.13318517202531394,0.1357044179333892,0.12045966198927702,0,0.13189969297214418
0.5028490969899897,0.9192446113258955,0.8362610829277738,1,0.7777292513454995
0.11455948973408449,0.09651873042942634,0.08476727600296001,0,0.09958066733553052
0.1134773600239735,0.16224330807753337,0.1687784822993811,0,0.14892055850583497
0.7553665320298152,0.8069890407251548,0.8706937356578781,1,0.8042432271030975
0.10763979872763323,0.07992243117291041,0.07713120817499194,0,0.08767939683974356
0.9634813781354862,0.9972915555893996,0.9649735213588837,1,0.9806848955071223
0.7658140355620894,0.6483819030913027,0.7621846322961241,1,0.706372088673503
0.9655907044546959,0.9996230226792789,0.9623213748253096,1,0.9819529976411101
0.4584725148285258,0.8124177343929265,0.7820470034282156,0,0.7001600223306641
0.03447646946465574,0.17516197153456048,0.07917215486211748,0,0.11375835757910047
0.08991227701050254,0.13771948039327825,0.19015944363338508,0,0.1338653120264669
0.09629496892119058,0.1012441482390385,0.08948682555187068,0,0.09740792990625055
0.6726943741917786,0.7438629408695768,0.454990121022178,1,0.6647378068967575
0.26472252930323037,0.016473436813984298,0.04156538182453589,0,0.09596655356286844
0.5226660720482235,0.8517448002668492,0.8081513860823039,1,0.7443024989643524
0.4122955447472273,0.30711099770255923,0.5722581719494128,0,0.39169579666533033
0.12144224444760537,0.14681280415470727,0.10350131271333535,0,0.1305393379543023
0.3035236622961734,0.10671625326013962,0.10714099484555398,0,0.16584342428803261
0.02864749296891073,0.022049204460770074,0.0757432345705241,0,0.034767497035163075
0.4378838081353494,0.4036284294691816,0.25487915263121624,0,0.38415518770143886
0.09199596337470799,0.061284289388122165,0.06500118565830378,0,0.07124117083813424
0.1733044996544089,0.15506191046607076,0.13830064599926464,0,0.15718243432921097
0.77604010044222,0.4463818133895488,0.44666052563768643,1,0.5453350419549776
0.7359036228552667,0.1749022289324833,0.29734713922919137,1,0.36769162916865994
0.12465827369952456,0.23222417219465724,0.20205414349454698,0,0.19392039690609542
0.6031723914706816,0.5579351611462853,0.622687189385858,0,0.5844567358915187
0.16902355578375125,0.03712242714718798,0.14534585700297797,0,0.09833745170931496
0.8081605835086472,0.9659363228297579,0.913213945790271,1,0.9080591256255273
0.9003330035805791,0.9598844753834788,0.9293254667027351,1,0.9359072321064601
0.7678837436885576,0.8367136970905058,0.928277222010731,1,0.8343774160539663
0.08592258182781785,0.1003785379142309,0.0540783575194852,1,0.08678171500935784
0.07312220665623669,0.1270327290127246,0.11862279231367646,0,0.1091775849659686
0.3470647336626461,0.04187764406084684,0.05050136419583101,0,0.13515851496838346
0.6729534571383097,0.7563637371217858,0.5601523119807483,0,0.6920983680985355
0.15173995941482865,0.08812361071624336,0.07380501910465359,0,0.104344797003501
0.9475334904905953,0.999012509746624,0.9757588296621097,1,0.9789180679529126
0.08903779844608586,0.05500388282303651,0.08141583794723467,0,0.07049644853479095
0.07206307420158534,0.04379960001171089,0.07847384858035061,0,0.05921349198240117
0.16287097265415532,0.09966309127224235,0.1478018035858344,0,0.12825319814953465
0.20689563063603164,0.1266195805585733,0.14160977196273783,0,0.1537004338626437
0.08416159356262778,0.15711605590461394,0.13310006809233835,0,0.13042651963956298
0.3270107146320407,0.05349452945198099,0.043587600759493,0,0.1335679992675013
0.6187063480955314,0.8009169620906038,0.6596696550312863,0,0.7180043164802186
0.15529661545034198,0.21130477020232968,0.21949668888153628,0,0.19614070751257467
0.0608025411644516,0.12644015810667758,0.031596028977970515,0,0.08778004719826837
0.23755196399776946,0.030627321291161507,0.040123061341451445,0,0.09460386211320188
0.8590710641599666,0.992938704991007,0.9765511585516397,1,0.9495009034538213
0.08637686657443291,0.08138502944644584,0.08434695384206936,1,0.08347496546396667
0.477230195152671,0.11019396310616275,0.03069564267755986,0,0.20440516863439467
0.7102061760125233,0.6652362635628464,0.8220680940225646,1,0.7100936033896932
0.2547256169757073,0.08582752298883956,0.08270963090442714,0,0.1358733727680174
0.09211171064891702,0.1667214651580005,0.05849513897202078,0,0.1226932735680795
0.10943436172951872,0.7388393168742529,0.6778192677675854,0,0.5378138205094991
0.8715566577975887,0.9325659723983682,0.9466353254956117,1,0.9170770486375831
0.10764413673644434,0.0937913880886282,0.08343404163114229,1,0.09587574339147585
0.9039564138861597,0.8743034344035028,0.9492361096126394,1,0.8981858632901272
0.8075591257510645,0.4929739999096002,0.3525877500061843,1,0.5592722876813563
0.8218839938684692,0.9708049161400348,0.9594436464020688,1,0.923856385510972
0.11718186648672149,0.07772566353398634,0.061774815026508514,0,0.08637235471831133
0.11059078354904912,0.12332758329896899,0.13426776410153513,0,0.12169457953450626
0.1299750200736043,0.11259405903721016,0.1315217776777961,0,0.1215938910762456
0.8696297141079459,0.9993345240114766,0.9614228996123997,1,0.952840756160602
0.1182978564601215,0.10791236260288438,0.07492955622104915,0,0.10443144948368846
0.10039057278596586,0.09313486664604215,0.07542220685351426,0,0.09176904652951368
0.0938698313865192,0.756556368663776,0.7496908015422497,1,0.5563772940562937
0.43688756549954433,0.5252649733795511,0.3369058890701806,1,0.461079934153675
0.10702191113494128,0.09598776838683717,0.14763031703212626,0,0.10962652094032624
0.27927624427386566,0.21998653490935097,0.1458483393792636,0,0.2229458086126879
0.9424776673560317,0.9875909410550188,0.9458909656604232,1,0.9657169638664035
0.11150645816519288,0.06534496385169834,0.04247869057999753,0,0.07462015749140655
0.1343166416350947,0.10332799934692859,0.09014661955009859,0,0.10998831607401242
0.06265434798635275,0.07139178424604604,0.04040834759567772,0,0.06257386603806439
0.001803395945669638,0.10257464514452805,0.04814958264000067,0,0.06145825788396505
0.08639358315346161,0.031292237719119986,0.03824933079911384,0,0.04921405996542125
0.3001505732124369,0.2511188881479495,0.38656715614867804,0,0.2929180472674414
0.9471254630513563,0.9930420696826597,0.9634292541773607,1,0.9733445245922089
0.19866048994933222,0.17232702262902996,0.19919254875289186,0,0.185600168049893
0.01911456617707163,0.1631533526189829,0.13793620347721938,0,0.11489828685805682
0.6612407793650332,0.8246407893323927,0.7874244764091819,0,0.7681775237575428
0.9432607862751468,0.9945499874824325,0.9464506751049997,1,0.9695433646447602
0.7795189281973036,0.995789845006269,0.9491645082732815,0,0.9215835026169819
0.7485452759641593,0.6564221332455239,0.3011674346171857,1,0.6130081363354469
0.926385607484789,0.9989700322985313,0.9536237132936939,1,0.9681254410534412
0.24700286213321104,0.10794380837040754,0.0807332630044372,1,0.14421941542605454
0.7079050922285415,0.8153057267357694,0.8052713048499944,1,0.7810786520064461
0.13761876604457016,0.20652094688327025,0.13794330281597272,0,0.17213476381820073
0.021400642543475092,0.026921454359701967,0.06611140174865167,0,0.03310320029262385
0.16508815367595106,0.08457481428602878,0.06025965134359482,0,0.10386578351451867
0.9327815959460656,0.8991169686671554,0.9249955682390925,1,0.9143920767652158
0.032275049880919664,0.02225778710621616,0.06301303587352815,0,0.033414015692089606
0.22557219482192298,0.07732858329096266,0.0708650853783936,0,0.12050896716773696
0.8505299780653414,0.7600162184000167,0.7319195479978127,1,0.7815510122191733
0.7982469703509452,0.8750524907416037,0.7101968679665669,1,0.8190397100693988
0.4345600238329215,0.5896071697794789,0.8751898570093303,0,0.6002095634414819
0.09395062256525041,0.1256119114232167,0.11583063346453724,0,0.11415726917409093
0.5553895968320185,0.8189676389227397,0.8937920277847747,1,0.7548591040679303
0.09415170684692269,0.07452983065868865,0.07263383821328404,0,0.08003719502607794
0.8720688834582997,0.9986449472302145,0.9673964021093342,1,0.9544224190744639
0.40145123909729835,0.0723743625747851,0.0844709476089076,0,0.17351674253836358
0.0553551562234378,0.1064324873899284,0.10432280246528434,0,0.0906873510550524
0.9012889719980935,0.9352091360212788,0.9208786620653049,1,0.9221669920231285
0.7558021141948896,0.6266169346881555,0.7462884247102184,1,0.6893067865445883
0.12267615645159724,0.1538585860496992,0.07920491066447401,0,0.12957312209322358
0.11164407043353126,0.06925458129522287,0.086040108245,0,0.08532853342667082
0.09345841576634363,0.0880095839468346,0.07344460194733504,0,0.08673123709278739
0.9383366329929086,0.9871276086103521,0.9623248192992447,1,0.9675297580628976
0.8972171307070202,0.9922642006256099,0.9328456106975577,1,0.9518663616644226
0.07959452903765177,0.07168706657654943,0.08216161231450295,0,0.07615421446247082
0.6539839701520727,0.5319689585633508,0.575527163345505,0,0.5772851029963982
0.21925440611316133,0.25028614644203795,0.09508298899926117,0,0.20993599285481962
0.0962242337275245,0.1565123767557183,0.18459401891889654,0,0.1440422622798958
0.4945727396383921,0.24962963916213235,0.16474746798327608,0,0.306136135069239
0.39558119286787913,0.11953662173446573,0.130763142358685,0,0.20459529719933361
0.9493043220300103,0.9429942943918145,0.9653178966389371,1,0.9493520231326977
0.4374391890572193,0.5208825290541783,0.42819130830822044,0,0.4773112829058991
0.5449424150102261,0.6610288563998944,0.6187018168892303,1,0.6177375160808611
0.104906273501546,0.20358022436076884,0.1551800763124785,0,0.16429800949334392
